1,Matt Damon,3422,FALSE
2,Michello Yeoh,3423,FALSE
3,Ken Watanabe,3424,FALSE
4,Leonard Nimoy,3425,FALSE
5,Anne Hathaway,3426,FALSE
6,Julie Andrews,3427,FALSE
7,Unkown,1111,FALSE
8,Homer Simpson,3428,TRUE
9,Barney Stinson,3429,FALSE
10,Marshall Erikson,3430,FALSE
11,Charlotte Christmas,3431,FALSE
12,Lauren Anne,3432,FALSE
13,Zelda Bear,3433,FALSE
14,Chad Spain,3434,FALSE
15,Katherine Nabel,3435,FALSE
16,Liz Lemon,3436,FALSE
17,Jack Donnague,3437,FALSE
18,Ted Mosby,3438,FALSE
19,Robin Sparkles,3439,FALSE
20,Ranjit,3440,FALSE
21,Dana Scully,3441,FALSE
22,Fox Mulder,3442,FALSE
23,Jack Hodgins,3443,FALSE
24,Temperance Brennan,3444,FALSE
25,Seeley Booth,3445,FALSE
26,Angela Montenegro,3446,FALSE